{"cameraMode":{"drawMode":0,"name":"Shaded","section":"Shading Mode"},"sceneLighting":true,"audioPlay":false,"sceneViewState":{"showFog":true,"showMaterialUpdate":false,"showSkybox":true,"showFlares":true,"showImageEffects":true,"showParticleSystems":true},"in2DMode":false,"pivot":{"x":-0.11445240676403046,"y":0.745587944984436,"z":-8.441417694091797},"rotation":{"x":0.3517562747001648,"y":-0.09747331589460373,"z":0.03685697168111801,"w":0.9302859306335449},"size":0.6452344655990601,"orthographic":false}