{"cameraMode":{"drawMode":0,"name":"Shaded","section":"Shading Mode"},"sceneLighting":false,"audioPlay":false,"sceneViewState":{"showFog":true,"showMaterialUpdate":false,"showSkybox":false,"showFlares":true,"showImageEffects":true,"showParticleSystems":true},"in2DMode":false,"pivot":{"x":-0.12220366299152374,"y":0.7864425182342529,"z":-8.564499855041504},"rotation":{"x":-0.1008078008890152,"y":0.09031625092029572,"z":-0.009191912598907948,"w":-0.9907676577568054},"size":0.31753259897232058,"orthographic":false}