{"cameraMode":{"drawMode":0,"name":"Shaded","section":"Shading Mode"},"sceneLighting":true,"audioPlay":false,"sceneViewState":{"showFog":true,"showMaterialUpdate":false,"showSkybox":true,"showFlares":true,"showImageEffects":true,"showParticleSystems":true},"in2DMode":false,"pivot":{"x":-0.014430612325668335,"y":0.37992891669273379,"z":-7.616015434265137},"rotation":{"x":0.04493371397256851,"y":-0.9229046106338501,"z":0.11352472007274628,"w":0.3651943504810333},"size":0.2367268204689026,"orthographic":false}